year,semantic_polarity
2020,0.036512256
2021,0.053812742
2022,0.07404071
2023,0.37467512
2024,0.04406354
