year,semantic_polarity
2020,0.4716816
2021,0.0707836
2022,0.06730035
2023,0.07671878
2024,0.24074404
