year,semantic_polarity
2020,0.47716123
2021,0.06792438
2022,0.06730035
2023,0.07906603
2024,0.23746228
